country,year,continent,suicide_rate,population,gdp_per_capita
Albania,2000,Europe,1.931123270035404,2796300,1299
Albania,2001,Europe,4.250988354792489,2799349,1451
Albania,2002,Europe,4.718254572183796,2818839,1573
Albania,2003,Europe,4.360165109607167,2843929,2021
Albania,2004,Europe,5.078276766779444,2874991,2544
Albania,2005,Europe,0,2783320,2931
Albania,2006,Europe,0,2780176,3235
Albania,2007,Europe,4.47597843444713,2770344,3863
Albania,2008,Europe,5.803285312356391,2757059,4672
Albania,2009,Europe,0,2745735,4387
Albania,2010,Europe,3.5087398689704954,2736025,4359
Antigua and Barbuda,2000,Americas,2.6551257202028515,75326,11021
Antigua and Barbuda,2001,Americas,2.614481613658052,76497,10468
Antigua and Barbuda,2002,Americas,0,77588,10499
Antigua and Barbuda,2003,Americas,1.2713265020722622,78658,10878
Antigua and Barbuda,2004,Americas,2.508717794335315,79722,11535
Antigua and Barbuda,2005,Americas,0,80809,12649
Antigua and Barbuda,2006,Americas,0,81973,14114
Antigua and Barbuda,2007,Americas,1.2029206914388135,83131,15775
Antigua and Barbuda,2008,Americas,0,84273,16238
Antigua and Barbuda,2009,Americas,0,85405,14335
Antigua and Barbuda,2012,Americas,0,88703,13657
Antigua and Barbuda,2013,Americas,0,89779,13287
Antigua and Barbuda,2014,Americas,0,90837,14093
Antigua and Barbuda,2015,Americas,1.0882695426003113,91889,14853
Argentina,2000,Americas,8.259508640223158,33585533,8462
Argentina,2001,Americas,9.208800013971972,34010946,7900
Argentina,2002,Americas,9.18985499298162,34407507,2840
Argentina,2003,Americas,9.454978419852615,34785907,3668
Argentina,2004,Americas,8.87582083923858,35162945,4683
Argentina,2005,Americas,8.601819765884795,35550617,5590
Argentina,2006,Americas,8.652829600561667,35918886,6475
Argentina,2007,Americas,8.112240362873234,36315492,7918
Argentina,2008,Americas,8.327543889069165,36733520,9843
Argentina,2009,Americas,7.761450891828115,37158001,8961
Argentina,2010,Americas,7.831615425158256,37578454,11273
Argentina,2011,Americas,7.659985249793514,38015739,13946
Argentina,2012,Americas,8.449140932034933,38441778,14203
Argentina,2013,Americas,7.6867402444084885,38859125,14206
Argentina,2014,Americas,8.22628155651635,39276555,13400
Argentina,2015,Americas,7.740627467907504,39699624,14981
Armenia,2000,Asia,1.6913905448495772,3606500,530
Armenia,2001,Asia,1.6618123282101507,3610516,587
Armenia,2002,Asia,2.4545216933280796,3014844,788
Armenia,2003,Asia,1.9508220896544928,3024366,928
Armenia,2006,Asia,2.8215928542799222,2764396,2310
Armenia,2007,Asia,2.595681006159076,2735313,3366
Armenia,2008,Asia,2.0686998812303576,3045391,3829
Armenia,2009,Asia,1.9704836421973495,2689695,3215
Armenia,2010,Asia,2.7277228185223588,2676225,3460
Armenia,2011,Asia,2.5090193628888326,2670366,3798
Armenia,2012,Asia,2.8070923497850266,2814300,3773
Armenia,2013,Asia,2.383778352730885,2810664,3957
Armenia,2014,Asia,2.069190151082989,2803029,4142
Armenia,2015,Asia,2.647267679902409,2795335,3775
Armenia,2016,Asia,2.7916282817777924,2400033,3788
Aruba,2000,Americas,11.920656112912456,83888,22333
Aruba,2001,Americas,4.64873031553257,86045,22317
Aruba,2002,Americas,10.194372706266142,88284,21987
Aruba,2003,Americas,2.2109952795250782,90457,22345
Aruba,2004,Americas,8.664103536037256,92335,24133
Aruba,2005,Americas,10.669170365312395,93728,24870
Aruba,2006,Americas,9.523003343632285,94508,25622
Aruba,2007,Americas,8.437572510388762,94814,27672
Aruba,2008,Americas,4.218786255194381,94814,29447
Aruba,2009,Americas,4.219631837122211,94795,26361
Aruba,2010,Americas,7.367955708060544,95006,25974
Aruba,2011,Americas,9.425268096514746,95488,27066
Australia,2000,Oceania,13.37666529972178,17874410,23219
Australia,2001,Oceania,13.556978995452125,18130883,20860
Australia,2002,Oceania,12.62380336523706,18370058,21474
Australia,2003,Oceania,11.586396388354727,18608029,25059
Australia,2004,Oceania,11.212147136253735,18854551,32454
Australia,2006,Oceania,11.078406756603583,19109246,39014
Australia,2007,Oceania,11.294980397204277,19734430,43171
Australia,2008,Oceania,11.635008443209031,20120312,52315
Australia,2009,Oceania,11.383720169550696,20529317,45128
Australia,2010,Oceania,11.608080317554867,20847547,54887
Australia,2011,Oceania,11.45489086007937,20881910,66770
Australia,2012,Oceania,12.147516616790439,21238909,72669
Australia,2013,Oceania,12.073973457628593,21600180,72856
Australia,2014,Oceania,13.184305231578831,21927587,66809
Australia,2015,Oceania,13.610131117224505,22240785,60656
Austria,2000,Europe,20.91655335769295,7592073,25922
Austria,2001,Europe,19.503416044932518,7634560,25848
Austria,2002,Europe,20.213032082364006,7683162,27772
Austria,2003,Europe,18.85513827770485,7722033,33889
Austria,2004,Europe,18.293847825289895,7773105,38711
Austria,2005,Europe,17.872973113503857,7827461,40367
Austria,2006,Europe,16.481835860484626,7869269,42698
Austria,2007,Europe,16.271441581346064,7897272,49218
Austria,2008,Europe,15.986861247924042,7925258,54294
Austria,2009,Europe,16.081754708191653,7946894,50356
Austria,2010,Europe,15.862615692619654,7968421,49181
Austria,2011,Europe,16.109774605742036,7995146,53923
Austria,2012,Europe,15.88788630847701,8031276,50979
Austria,2013,Europe,15.978484123315283,8079615,53229
Austria,2014,Europe,16.14019615128793,8141165,54278
Austria,2015,Europe,15.220114981824675,8219386,46484
Austria,2016,Europe,16.046219525376607,7484629,46976
Azerbaijan,2000,Asia,0.8361147634941505,7415250,711
Azerbaijan,2001,Asia,4.216546953977121,7518000,759
Azerbaijan,2002,Asia,1.2096191014633761,7605700,820
Azerbaijan,2003,Asia,1.680913165850099,7674400,948
Azerbaijan,2004,Asia,1.3956643944044196,7738250,1122
Azerbaijan,2007,Asia,0.6943480072212193,7921100,4172
Bahamas,2000,Americas,4.078031274792576,269738,29942
Bahamas,2001,Americas,0.36213514883754616,276140,30122
Bahamas,2002,Americas,1.0617401921749747,282555,31432
Bahamas,2003,Americas,0.34615491124588077,288888,30704
Bahamas,2004,Americas,0.6774218678553162,295237,30671
Bahamas,2005,Americas,1.325543555704311,301763,32596
Bahamas,2006,Americas,0.6483003186396066,308499,32957
Bahamas,2007,Americas,1.58735701881653,314989,33710
Bahamas,2008,Americas,1.244373100386689,321447,32746
Bahamas,2009,Americas,1.830311793614042,327813,30450
Bahamas,2010,Americas,2.9951867349169885,333869,30239
Bahamas,2011,Americas,1.1820924810052515,338383,29761
Bahamas,2012,Americas,1.4553583383300637,343558,31204
Bahamas,2013,Americas,1.4328330835427658,348959,30455
Bahrain,2000,Asia,4.910310636410123,590594,15345
Bahrain,2001,Asia,3.6854072294871036,624083,14383
Bahrain,2002,Asia,3.782091042495575,661010,14572
Bahrain,2003,Asia,4.837013969011812,702913,15756
Bahrain,2004,Asia,5.588383613262565,751559,17497
Bahrain,2005,Asia,5.1248261219708615,819540,19485
Bahrain,2006,Asia,3.151226220903209,888543,20826
Bahrain,2007,Asia,4.146065901717508,964770,22524
Bahrain,2008,Asia,4.198767710499848,1024110,25106
Bahrain,2009,Asia,3.29392216461925,1092922,20988
Bahrain,2010,Asia,1.6678956424031741,1139160,22572
Bahrain,2011,Asia,1.6312297115804621,1103462,26078
Bahrain,2012,Asia,1.580990831917376,1201778,25587
Bahrain,2013,Asia,0.41169476620677614,1214492,26793
Bahrain,2014,Asia,0.7413716693877752,1213966,27503
Barbados,2000,Americas,3.981953785444366,251133,12430
Barbados,2001,Americas,0.7923741907878576,252406,12348
Barbados,2002,Americas,0,253353,12511
Barbados,2003,Americas,0,254122,12887
Barbados,2004,Americas,1.1768167107972933,254925,13786
Barbados,2005,Americas,0.39079444602933305,255889,15230
Barbados,2006,Americas,3.5035405223389637,256883,16531
Barbados,2007,Americas,0,258083,17528
Barbados,2008,Americas,0.385484206712051,259414,17760
Barbados,2009,Americas,1.9177808973680375,260718,17007
Barbados,2010,Americas,1.1453572942079282,261927,17034
Barbados,2011,Americas,0,263203,17708
Barbados,2012,Americas,0,264270,17620
Barbados,2013,Americas,0,265165,17395
Belarus,2000,Europe,36.49612473606323,9543479,1335
Belarus,2001,Europe,34.71876590816902,9513587,1299
Belarus,2002,Europe,34.75465914138356,9469234,1541
Belarus,2003,Europe,36.68520706177498,9420691,1892
Belarus,2007,Europe,28.763185199864655,9244456,4898
Belarus,2008,Europe,28.873271106980354,9205746,6601
Belarus,2009,Europe,29.912860119810656,9169969,5366
Belarus,2010,Europe,27.379436117228522,8981193,6371
Belarus,2011,Europe,24.27542549053795,8947320,6902
Belarus,2013,Europe,21.346226364273015,8910240,8477
Belarus,2014,Europe,19.546474634435455,8906977,8849
Belgium,2000,Europe,22.152103183524954,9674025,24592
Belgium,2001,Europe,22.296475148698953,9710055,24494
Belgium,2002,Europe,21.273608735706155,9758570,26526
Belgium,2003,Europe,21.32776397519329,9804122,32538
Belgium,2004,Europe,20.17664054771608,9848022,37661
Belgium,2005,Europe,20.49285053025882,9901014,39124
Belgium,2006,Europe,19.422441823513342,9962702,41135
Belgium,2007,Europe,18.513965631619342,10030266,47040
Belgium,2008,Europe,19.790413678056797,10100850,51345
Belgium,2009,Europe,19.786961365589324,10173366,47630
Belgium,2010,Europe,19.713703746612413,10211171,47355
Belgium,2011,Europe,20.16392654227481,10355126,50893
Belgium,2012,Europe,19.40122978515867,10442637,47678
Belgium,2013,Europe,18.002785254132352,10526149,49489
Belgium,2014,Europe,17.950914882225362,10578848,50173
Belgium,2015,Europe,17.57282982610899,10624356,42830
Belize,2000,Americas,8.566981899871019,210109,3960
Belize,2001,Americas,8.744517417697983,217279,4013
Belize,2002,Americas,6.246207659635221,224136,4161
Belize,2003,Americas,5.197280090086188,230890,4289
Belize,2004,Americas,8.410747252839679,237791,4449
Belize,2005,Americas,4.8975593829075175,245020,4547
Belize,2006,Americas,4.350818349378624,252826,4815
Belize,2007,Americas,3.069049783823806,260667,4951
Belize,2008,Americas,4.097032631002619,268487,5098
Belize,2009,Americas,5.4310635108566965,276189,4841
Belize,2010,Americas,5.285486758093842,283796,4923
Belize,2011,Americas,11.314466745753647,291662,5098
Belize,2012,Americas,6.021154322185278,298946,5264
Belize,2013,Americas,5.557589706036196,305888,5272
Belize,2014,Americas,7.673124880107423,312780,5448
Belize,2015,Americas,8.129191614426189,319835,5561
Bosnia and Herzegovina,2011,Europe,0.13611694296591198,3673312,5076
Bosnia and Herzegovina,2014,Europe,8.5655589547172,3654169,5079
Brazil,2000,Americas,4.288087693022834,157715991,4156
Brazil,2001,Americas,4.813371178042816,160178796,3492
Brazil,2002,Americas,4.729007822456003,162761414,3121
Brazil,2003,Americas,4.7395081036307865,165396911,3376
Brazil,2004,Americas,4.759124941988677,167993068,3984
Brazil,2005,Americas,5.002816687270756,170483960,5230
Brazil,2006,Americas,4.98223087186115,172974722,6403
Brazil,2007,Americas,5.051536741940326,175293192,7970
Brazil,2008,Americas,5.1749115599500435,177471632,9555
Brazil,2009,Americas,5.204668579919766,179569551,9283
Brazil,2010,Americas,5.191331250913397,181629712,12161
Brazil,2011,Americas,5.348029149710029,183656441,14245
Brazil,2012,Americas,5.5471375625187855,185591215,13283
Brazil,2013,Americas,5.608164078589364,187458852,13191
Brazil,2014,Americas,5.616382114400553,189285554,12975
Brazil,2015,Americas,5.8418390756235565,191087085,9431
Bulgaria,2000,Europe,17.664876974924944,7829095,1680
Bulgaria,2001,Europe,17.30786100918265,7591926,1854
Bulgaria,2002,Europe,17.45663345443845,7544410,2157
Bulgaria,2003,Europe,14.57327917198151,7493166,2800
Bulgaria,2004,Europe,13.601764765199032,7447563,3485
Bulgaria,2005,Europe,13.263009668626,7404051,4003
Bulgaria,2006,Europe,13.277148030551846,7358508,4638
Bulgaria,2007,Europe,12.3350865931284,7312474,6073
Bulgaria,2008,Europe,12.920517079368713,7267511,7487
Bulgaria,2009,Europe,12.022465389358207,7219817,7186
Bulgaria,2010,Europe,11.992617350343584,7162740,7066
Bulgaria,2011,Europe,10.812684483457655,7056527,8137
Bulgaria,2012,Europe,12.529362100288923,6959652,7745
Bulgaria,2013,Europe,10.418105598265132,6920644,8057
Bulgaria,2014,Europe,10.517333699018895,6883874,8241
Cabo Verde,2011,Africa,9.288357044444789,452179,4124
Canada,2000,Americas,12.430811382776087,29008565,25589
Canada,2001,Americas,12.623857073606073,29262055,25165
Canada,2002,Americas,12.31356171155674,29642114,25570
Canada,2003,Americas,12.567245192761682,29958833,29787
Canada,2004,Americas,11.930405680682643,30283966,33787
Canada,2005,Americas,12.233189496125286,30597090,38218
Canada,2006,Americas,11.364606408926107,30902962,42566
Canada,2007,Americas,11.557925451284817,31242631,46890
Canada,2008,Americas,11.728899638322522,31588641,49041
Canada,2009,Americas,12.18009367525309,31937357,42933
Canada,2010,Americas,12.237449258412433,32286140,49974
Canada,2011,Americas,11.430176979488659,32615418,54841
Canada,2012,Americas,11.910975560474201,32961196,55347
Canada,2013,Americas,12.168752684239537,33314836,55310
Chile,2000,Americas,10.564005285588523,13943575,5584
Chile,2001,Americas,11.492553885933043,14139590,5020
Chile,2002,Americas,11.184105871550928,14332840,4866
Chile,2003,Americas,11.388237121549395,14523758,5208
Chile,2004,Americas,11.793901336232027,14710993,6744
Chile,2005,Americas,11.293461193397905,14893574,8256
Chile,2006,Americas,11.90982030038491,15071596,10270
Chile,2007,Americas,12.121661336655858,15245435,11387
Chile,2008,Americas,13.544667335380558,15415661,11653
Chile,2009,Americas,13.78323577373394,15584149,11062
Chile,2010,Americas,12.703268968199358,15751851,13874
Chile,2011,Americas,12.739787853306778,15910783,15854
Chile,2012,Americas,11.45239012501643,16075247,16617
Chile,2013,Americas,10.700491877846435,16242244,17140
Chile,2014,Americas,10.903970879997992,16406867,15883
Chile,2015,Americas,11.095198067093351,16565725,14729
Colombia,2000,Americas,6.504407356633676,36252342,2755
Colombia,2001,Americas,6.539345004889325,36884428,2662
Colombia,2002,Americas,6.347677251749787,37478276,2613
Colombia,2003,Americas,5.964066355639774,38044513,2489
Colombia,2004,Americas,5.81276132169966,38604716,3033
Colombia,2005,Americas,5.3659695926687885,39172790,3742
Colombia,2006,Americas,5.482429079226917,39708676,4095
Colombia,2007,Americas,5.41524232054828,40275206,5150
Colombia,2008,Americas,5.433302310482438,40859129,5971
Colombia,2009,Americas,5.427624795369012,41436173,5643
Colombia,2010,Americas,5.017968590565033,41989103,6836
Colombia,2011,Americas,4.805080973489658,42538305,7885
Colombia,2012,Americas,4.9215131300117445,43055864,8586
Colombia,2013,Americas,4.748968557556832,43546298,8731
Colombia,2014,Americas,4.829425421041393,44021800,8591
Colombia,2015,Americas,5.241577025098006,44490427,6552
Costa Rica,2000,Americas,6.76781386303134,3531421,4233
Costa Rica,2001,Americas,5.489554597501975,3606850,4412
Costa Rica,2002,Americas,7.472070758064674,3680372,4485
Costa Rica,2003,Americas,8.395811050006783,3751871,4583
Costa Rica,2004,Americas,8.505945132204634,3820857,4850
Costa Rica,2005,Americas,6.997511767139274,3887096,5133
Costa Rica,2006,Americas,8.851983704256742,3953916,5716
Costa Rica,2007,Americas,6.724378437060191,4015241,6661
Costa Rica,2008,Americas,6.408743785544281,4072561,7517
Costa Rica,2009,Americas,6.733747386131242,4128459,7403
Costa Rica,2010,Americas,7.431900728923691,4184663,8906
Costa Rica,2011,Americas,7.460723775201782,4235514,9978
Costa Rica,2012,Americas,7.039282459366791,4290210,10832
Costa Rica,2013,Americas,7.153982456410739,4347229,11443
Costa Rica,2014,Americas,6.085827425009208,4403674,11485
Croatia,2000,Europe,22.48664400194269,4118000,5288
Croatia,2001,Europe,21.07336377051035,4180633,5571
Croatia,2002,Europe,20.72416000758779,4217300,6373
Croatia,2003,Europe,20.470465732677017,4225600,8202
Croatia,2004,Europe,20.592963873652355,4229600,9829
Croatia,2005,Europe,20.63328119927996,4235875,10722
Croatia,2006,Europe,18.795989370348522,4234946,11914
Croatia,2007,Europe,18.317810466206005,4230855,14204
Croatia,2008,Europe,18.76664119483631,4225583,16680
Croatia,2009,Europe,18.73791819356981,4216050,14872
Croatia,2010,Europe,18.458773305093313,4203963,14232
Croatia,2011,Europe,16.75806016143598,4189029,14890
Croatia,2012,Europe,19.140191046731665,4054296,13952
Croatia,2013,Europe,17.109836994187354,4044457,14362
Croatia,2014,Europe,17.913623583657614,4030452,14299
Croatia,2015,Europe,18.467294521360962,4001669,12351
Croatia,2016,Europe,19.147512379301286,3567043,12905
Cuba,2000,Americas,17.74514679853026,10397209,2940
Cuba,2001,Americas,15.833722147696808,10433428,3037
Cuba,2002,Americas,15.325282947569116,10479415,3205
Cuba,2003,Americas,14.234065775247615,10531074,3409
Cuba,2004,Americas,14.321229043150003,10578701,3611
Cuba,2005,Americas,13.158878814544206,10616406,4017
Cuba,2006,Americas,12.915775812919492,10653638,4951
Cuba,2007,Americas,12.24009350794618,10678023,5488
Cuba,2008,Americas,12.876603239966581,10693814,5686
Cuba,2009,Americas,13.793129209962803,10708230,5797
Cuba,2010,Americas,14.525658017902174,10725848,5997
Cuba,2011,Americas,14.225857491704994,10748034,6419
Cuba,2012,Americas,13.880461834068596,10770535,6791
Cuba,2013,Americas,13.889030445607165,10792690,7148
Cuba,2014,Americas,13.437018161984223,10813411,7459
Cuba,2015,Americas,13.949321588453838,10832068,8044
Cyprus,2000,Asia,0.7997906833525855,875229,11635
Cyprus,2004,Asia,1.0135878693803793,690616,25227
Cyprus,2005,Asia,2.424197483683012,701263,26671
Cyprus,2006,Asia,2.663205434060435,713426,28600
Cyprus,2007,Asia,2.6078625683877643,728566,33048
Cyprus,2008,Asia,5.488371345882516,747034,37267
Cyprus,2009,Asia,4.171152828432663,767174,33816
Cyprus,2010,Asia,4.827965609638652,787081,32477
Cyprus,2011,Asia,3.7461601858095452,800820,34249
Cyprus,2012,Asia,4.420947924917568,814305,30752
Cyprus,2013,Asia,5.534946421718638,813016,29624
Cyprus,2014,Asia,5.467074543561401,804818,29024
Cyprus,2015,Asia,5.024892059037456,796037,24718
Cyprus,2016,Asia,5.060842574056996,711344,25098
Czech Republic,2000,Europe,16.792701885650356,9819742,6278
Czech Republic,2001,Europe,16.497116358949196,9838083,6863
Czech Republic,2002,Europe,15.729359855043798,9752463,8399
Czech Republic,2003,Europe,17.63339163260177,9748550,10220
Czech Republic,2004,Europe,16.241482840201353,9746647,12226
Czech Republic,2005,Europe,16.031989401881816,9761733,13961
Czech Republic,2006,Europe,14.314461522165075,9780319,15896
Czech Republic,2007,Europe,14.045208460328396,9818295,19273
Czech Republic,2008,Europe,13.9298641944306,9899594,23811
Czech Republic,2009,Europe,14.732213342977701,9937407,20748
Czech Republic,2010,Europe,15.102652285161,9945273,20862
Czech Republic,2011,Europe,16.050363010757376,9906318,23010
Czech Republic,2012,Europe,16.708442812432008,9923127,20898
Czech Republic,2013,Europe,15.87033224042396,9936780,21073
Czech Republic,2014,Europe,14.94510709338544,9963127,20859
Czech Republic,2015,Europe,13.884822047535744,9989325,18703
Czech Republic,2016,Europe,14.759334383134853,8929942,19505
Denmark,2000,Europe,14.564048805567946,4998610,32841
Denmark,2001,Europe,14.486541763584023,5018451,32837
Denmark,2002,Europe,13.647484677326252,5041222,35435
Denmark,2003,Europe,12.517839899398492,5056783,43129
Denmark,2004,Europe,13.029952924613344,5072927,49552
Denmark,2005,Europe,12.397217050711886,5089852,51960
Denmark,2006,Europe,12.719011595825034,5110460,55354
Denmark,2007,Europe,11.318914607653497,5133001,62229
Denmark,2008,Europe,11.680330845855467,5162525,68447
Denmark,2009,Europe,11.978146622528543,5192790,61863
Denmark,2010,Europe,10.79001913647266,5217785,61711
Denmark,2011,Europe,11.231562789012518,5244150,65598
Denmark,2012,Europe,12.541411798679416,5270539,62071
Denmark,2013,Europe,11.510089820212396,5299698,64831
Denmark,2014,Europe,11.780866150256426,5339166,66114
Denmark,2015,Europe,10.477312160741288,5383060,55972
Ecuador,2000,Americas,4.80674759345321,11109383,1650
Ecuador,2001,Americas,5.155217963321683,11328328,2160
Ecuador,2002,Americas,4.996203058853887,11548770,2472
Ecuador,2003,Americas,5.734431104505801,11771002,2755
Ecuador,2004,Americas,6.594880021957366,11994153,3051
Ecuador,2005,Americas,7.718346329156941,12217643,3397
Ecuador,2006,Americas,7.229279158936024,12449374,3759
Ecuador,2007,Americas,7.927521784119936,12677354,4024
Ecuador,2008,Americas,7.1920238595391535,12903183,4787
Ecuador,2009,Americas,7.341874939690382,13130161,4762
Ecuador,2010,Americas,6.826201686565818,13360285,5206
Ecuador,2011,Americas,6.758172916909147,13583553,5836
Ecuador,2012,Americas,7.064344379260909,13815861,6364
Ecuador,2013,Americas,4.809808708357889,14054613,6769
Ecuador,2014,Americas,5.134610386953053,14295145,7116
Ecuador,2015,Americas,7.382676676466201,14534024,6832
El Salvador,2000,Americas,9.007092157011005,5118189,2303
El Salvador,2001,Americas,9.932186739023484,5175094,2373
El Salvador,2002,Americas,8.33579009715784,5230458,2421
El Salvador,2003,Americas,9.974369466543466,5283542,2507
El Salvador,2004,Americas,8.7002664456599,5333170,2573
El Salvador,2005,Americas,8.459011626772046,5378879,2733
El Salvador,2006,Americas,7.570393608893205,5429044,2947
El Salvador,2007,Americas,9.162632334655179,5467861,3111
El Salvador,2008,Americas,8.910246000981582,5499287,3271
El Salvador,2009,Americas,9.151894315516078,5528910,3184
El Salvador,2010,Americas,7.175674356028186,5560453,3318
El Salvador,2011,Americas,8.682754527787948,5585785,3631
El Salvador,2012,Americas,9.112228664259401,5618823,3806
El Salvador,2013,Americas,8.555393521587344,5657250,3885
El Salvador,2014,Americas,6.7762939956593105,5696329,3965
Estonia,2000,Europe,28.257162666067046,1334175,4262
Estonia,2001,Europe,30.250224424981706,1325610,4711
Estonia,2002,Europe,28.176715855668384,1316690,5561
Estonia,2003,Europe,26.163591297163315,1307160,7523
Estonia,2004,Europe,24.8911493854275,1297650,9293
Estonia,2005,Europe,21.18750945870958,1288495,10870
Estonia,2006,Europe,19.313245993674325,1278915,13264
Estonia,2007,Europe,19.7573233943239,1270415,17504
Estonia,2008,Europe,19.145493886495704,1264005,19141
Estonia,2009,Europe,21.36599391585452,1259010,15609
Estonia,2010,Europe,17.7799039247344,1254225,15540
Estonia,2011,Europe,17.447998162357624,1249427,18545
Estonia,2012,Europe,18.935293229394286,1251631,18411
Estonia,2013,Europe,17.536859582847985,1243096,20221
Estonia,2014,Europe,19.40649932520139,1241852,21117
Estonia,2015,Europe,15.682174594877155,1243450,18149
Fiji,2001,Oceania,5.003759769493467,719459,2307
Fiji,2002,Oceania,5.807626519835119,723187,2548
Fiji,2003,Oceania,1.378186884897966,725591,3192
Fiji,2004,Oceania,3.2948567286465824,728408,3744
Fiji,2005,Oceania,3.0029743095547814,732607,4104
Fiji,2006,Oceania,3.253094845335672,737759,4206
Fiji,2007,Oceania,1.744837629436753,745055,4570
Fiji,2008,Oceania,4.909388608626194,753658,4675
Fiji,2009,Oceania,3.410269896629473,762403,3765
Fiji,2011,Oceania,4.894857179660581,776325,4862
Fiji,2012,Oceania,4.087163878667432,782939,5073
Finland,2000,Europe,23.864050702401972,4881820,25716
Finland,2001,Europe,24.576529455195086,4898983,26383
Finland,2002,Europe,22.27595576056216,4915614,28390
Finland,2003,Europe,21.805910760882263,4929856,34701
Finland,2004,Europe,21.517706099278733,4944765,39793
Finland,2005,Europe,20.033117120777526,4961784,41202
Finland,2006,Europe,21.326414632089225,4979740,43487
Finland,2007,Europe,19.90456610746505,4998853,51089
Finland,2008,Europe,20.577295732989967,5020096,56521
Finland,2009,Europe,20.506449813934708,5042316,49878
Finland,2010,Europe,18.840745145545743,5063494,48939
Finland,2011,Europe,17.93162976296627,5085985,53809
Finland,2012,Europe,17.082644385523782,5110450,50232
Finland,2013,Europe,17.27215601878167,5135433,52572
Finland,2014,Europe,15.29086362177574,5159944,52832
Finland,2015,Europe,14.107075209623225,5181797,44862
France,2000,Europe,19.62993741145811,55267624,24648
France,2001,Europe,18.82320405124206,55511272,24796
France,2002,Europe,19.02726670069037,55935517,26714
France,2003,Europe,19.288364905559046,56360402,32656
France,2004,Europe,19.01646571768096,56813922,37240
France,2005,Europe,18.74190210485049,57160687,38420
France,2006,Europe,18.025248040850265,57824447,40097
France,2007,Europe,17.410212121781537,58167011,45682
France,2008,Europe,17.702590225971264,58482967,49901
France,2009,Europe,17.864335760216136,58770727,45775
France,2010,Europe,17.574759996324186,59056283,44747
France,2011,Europe,17.53823003029945,59344643,48217
France,2012,Europe,16.336774105339448,59638457,45002
France,2013,Europe,16.024017598777927,59910069,46922
France,2014,Europe,14.733902013396586,60275954,47318
Georgia,2000,Asia,3.1207989245246783,4165600,734
Georgia,2001,Asia,2.4149047923785605,4140950,777
Georgia,2004,Asia,4.27888553369928,4089850,1253
Georgia,2005,Asia,2.1055179090029044,4132000,1552
Georgia,2006,Asia,1.7280691227649108,4166500,1859
Georgia,2007,Asia,2.503068665912537,4154900,2448
Georgia,2009,Asia,4.52058911932672,4158750,2589
Georgia,2010,Asia,2.670608994229577,4193800,2775
Georgia,2011,Asia,2.3556845762147245,4202600,3435
Georgia,2012,Asia,2.4756599776238426,4200900,3772
Georgia,2013,Asia,3.7446930305776847,4192600,3850
Georgia,2014,Asia,5.589811559960814,3470600,4757
Georgia,2015,Asia,5.551700208188758,3458400,4046
Germany,2000,Europe,14.152233659065187,78242066,24922
Germany,2001,Europe,14.239714882321707,78421514,24874
Germany,2002,Europe,14.212722927913504,78633771,26441
Germany,2003,Europe,14.163917294353793,78756461,31816
Germany,2004,Europe,13.628667397504643,78811814,35772
Germany,2005,Europe,13.024523363953096,78851254,36289
Germany,2006,Europe,12.400259731844352,78828994,38088
Germany,2007,Europe,11.943904397480544,78776585,43667
Germany,2008,Europe,12.024745270600564,78662789,47702
Germany,2009,Europe,12.210542642939641,78448602,43570
Germany,2010,Europe,12.801684032816881,78349067,43614
Germany,2011,Europe,12.955024005010008,78371140,47947
Germany,2012,Europe,12.605066367979921,78508115,45142
Germany,2013,Europe,13.059235116807358,77270988,48563
Germany,2014,Europe,13.174323533559626,77552369,50167
Germany,2015,Europe,12.910709301545344,78136683,43201
Greece,2000,Europe,3.6719968616923158,10403059,12509
Greece,2001,Europe,3.198765238309447,10441529,13043
Greece,2002,Europe,3.081459772401282,10482045,14676
Greece,2003,Europe,3.5661082775078894,10515665,19202
Greece,2004,Europe,3.346831271350271,10547290,22804
Greece,2005,Europe,3.7797123185360118,10582816,23414
Greece,2006,Europe,3.710368625122906,10618891,25739
Greece,2007,Europe,3.078774095983223,10653591,29896
Greece,2008,Europe,3.490312231354738,10686723,33168
Greece,2009,Europe,3.6475180365568995,10719618,30785
Greece,2010,Europe,3.511751419418253,10735384,27886
Greece,2011,Europe,4.446008677266747,10728724,26825
Greece,2012,Europe,4.819824888551038,10539802,23309
Greece,2013,Europe,5.109627391207357,10431289,22994
Greece,2014,Europe,5.44287309714989,10380547,22834
Greece,2015,Europe,5.120369332530336,10331286,18927
Grenada,2001,Americas,0,91415,5693
Grenada,2002,Americas,0,91908,5879
Grenada,2003,Americas,4.321194378126114,92567,6385
Grenada,2004,Americas,1.0729383489624686,93202,6428
Grenada,2005,Americas,6.404440412019,93685,7422
Grenada,2006,Americas,1.0624057114931051,94126,7423
Grenada,2007,Americas,3.1773602491050434,94418,8035
Grenada,2008,Americas,0,94585,8733
Grenada,2009,Americas,0,94746,8140
Grenada,2010,Americas,0,94980,8118
Grenada,2011,Americas,1.051502597211415,95102,8188
Grenada,2012,Americas,2.0958648586339153,95426,8382
Grenada,2013,Americas,0,95876,8789
Grenada,2014,Americas,0,96393,9456
Grenada,2015,Americas,0,96892,10290
Grenada,2016,Americas,0,79012,10838
Guatemala,2000,Americas,1.865598013855653,9755585,1977
Guatemala,2001,Americas,2.0169550030319225,10015097,1867
Guatemala,2002,Americas,2.510419701306761,10277166,2022
Guatemala,2003,Americas,2.399701033294192,10542980,2079
Guatemala,2004,Americas,2.3110042256250063,10817808,2215
Guatemala,2005,Americas,2.1431968897350413,11104906,2450
Guatemala,2006,Americas,2.6146924305707033,11397134,2653
Guatemala,2007,Americas,2.792867375440037,11708397,2914
Guatemala,2008,Americas,4.088794998040786,12032885,3252
Guatemala,2009,Americas,4.1343226041863455,12359945,3053
Guatemala,2010,Americas,2.77555439924978,12682151,3260
Guatemala,2011,Americas,2.7578594769961486,13017342,3661
Guatemala,2012,Americas,3.1495059212586023,13335425,3779
Guatemala,2013,Americas,3.335317908575344,13641878,3947
Guatemala,2014,Americas,3.6709903571973994,13947190,4210
Guatemala,2015,Americas,3.4646250907447733,14258397,4472
Guyana,2001,Americas,29.82923143546741,660426,1054
Guyana,2002,Americas,26.552450896824116,662839,1090
Guyana,2003,Americas,29.787650160597558,664705,1116
Guyana,2004,Americas,27.915018279834552,666308,1180
Guyana,2005,Americas,25.31042714715542,667709,1235
Guyana,2006,Americas,30.07145336381372,668408,2182
Guyana,2007,Americas,27.66197958097334,668788,2602
Guyana,2008,Americas,25.102614407406463,669253,2873
Guyana,2009,Americas,23.278196835060545,670155,3076
Guyana,2010,Americas,30.513898708741113,671825,3384
Guyana,2011,Americas,28.432523845558084,675283,3815
Guyana,2012,Americas,30.32283515564741,679356,4212
Guyana,2013,Americas,30.707725332557352,683867,4372
Hungary,2000,Europe,34.31288268730856,9527034,4966
Hungary,2001,Europe,30.686484901280814,9704598,5546
Hungary,2002,Europe,29.32801551709248,9680164,6995
Hungary,2003,Europe,29.007929835619315,9652533,8840
Hungary,2004,Europe,28.473390152734503,9630044,10806
Hungary,2005,Europe,27.25585946341861,9608943,11764
Hungary,2006,Europe,25.659178134751865,9591110,12021
Hungary,2007,Europe,25.592978874406167,9572938,14609
Hungary,2008,Europe,25.919145664761185,9552784,16540
Hungary,2009,Europe,25.801750050895528,9534237,13697
Hungary,2010,Europe,26.161432540764903,9514005,13761
Hungary,2011,Europe,25.48706894599701,9495011,14827
Hungary,2012,Europe,24.848778416492816,9453181,13525
Hungary,2013,Europe,22.17548739431663,9433840,14333
Hungary,2014,Europe,20.45090147573705,9412788,14886
Hungary,2015,Europe,19.894522818474513,9389519,13087
Hungary,2016,Europe,20.98834735536097,8390370,13448
Iceland,2000,Europe,19.251279247505995,259723,34372
Iceland,2001,Europe,13.649910138091592,263738,30850
Iceland,2002,Europe,11.258936781069975,266455,34556
Iceland,2003,Europe,9.689561361010695,268330,42174
Iceland,2004,Europe,12.887167326980572,271588,50528
Iceland,2005,Europe,12.003098981918969,274929,60712
Iceland,2006,Europe,11.307460450390284,282999,60243
Iceland,2007,Europe,12.771303915612746,289712,73590
Iceland,2008,Europe,12.80168173671657,296836,59489
Iceland,2009,Europe,12.153785904309192,296204,43700
Iceland,2010,Europe,15.613332428212614,294620,45179
Iceland,2011,Europe,9.13782891953634,295475,49861
Iceland,2012,Europe,12.447937343139166,297238,48083
Iceland,2013,Europe,16.308544345927523,300456,51749
Iceland,2014,Europe,14.451246748469483,304472,56833
Iceland,2015,Europe,12.963695171671732,308554,54909
Iceland,2016,Europe,14.882447269629019,268773,64708
Ireland,2000,Europe,13.14080586346731,3523376,28340
Ireland,2001,Europe,13.654268329875931,3573974,30536
Ireland,2002,Europe,12.336612014651168,3639573,35154
Ireland,2003,Europe,12.289937491861977,3694079,44473
Ireland,2004,Europe,12.364500134437291,3752679,51662
Ireland,2005,Europe,11.765144754323691,3833357,55213
Ireland,2006,Europe,11.479137683113834,3937578,58941
Ireland,2007,Europe,11.374058256535676,4026707,67032
Ireland,2008,Europe,12.35897095202179,4094192,67173
Ireland,2009,Europe,12.798509447218533,4117667,57390
Ireland,2010,Europe,11.395458276795681,4264857,52042
Ireland,2011,Europe,13.131543698293065,4218849,56655
Ireland,2012,Europe,12.841149297077383,4220806,53443
Ireland,2013,Europe,11.52014321879898,4227378,56628
Ireland,2014,Europe,11.229093611130942,4328043,59634
Israel,2000,Asia,6.981741682291414,5643291,23451
Israel,2001,Asia,6.888832078140819,5777467,22623
Israel,2002,Asia,6.479509484169982,5895508,20536
Israel,2003,Asia,6.946379778405488,6003127,21133
Israel,2004,Asia,6.726753542715948,6109931,22168
Israel,2005,Asia,6.831851732420962,6220861,22901
Israel,2006,Asia,5.793683306535575,6334485,24306
Israel,2007,Asia,5.055193094420153,6448814,27712
Israel,2008,Asia,5.391737117175242,6565602,32874
Israel,2009,Asia,6.001335445684572,6731835,30812
Israel,2010,Asia,7.007478293241069,6849825,34104
Israel,2011,Asia,5.866747376280124,6971495,37528
Israel,2012,Asia,6.060298561313309,7095360,36263
Israel,2013,Asia,5.148070691313931,7226008,40477
Israel,2014,Asia,5.185812269251717,7366252,41869
Israel,2015,Asia,4.5501837369514835,7516180,39793
Italy,2000,Europe,7.565524384211804,54298946,21027
Italy,2001,Europe,7.417108202394073,54333844,21392
Italy,2002,Europe,7.462379721165587,54526842,23227
Italy,2003,Europe,7.417510457779621,54937570,28572
Italy,2004,Europe,7.248833730667382,54988156,32704
Italy,2005,Europe,6.773501670477288,55244690,33536
Italy,2006,Europe,6.585894878580306,56180672,34578
Italy,2007,Europe,6.639735649095926,56583578,38935
Italy,2008,Europe,6.847942437992048,57009825,41935
Italy,2009,Europe,6.929159889056722,57351830,38101
Italy,2010,Europe,6.9208002804685105,57637843,36869
Italy,2011,Europe,7.336140380058,56610149,40210
Italy,2012,Europe,7.495366896624946,56795085,36497
Italy,2013,Europe,7.460437378836367,57503331,37050
Italy,2014,Europe,7.137610584771854,58100676,37035
Italy,2015,Europe,6.8619374232946635,58117697,31537
Jamaica,2000,Americas,0.12669769634025257,2367841,3795
Jamaica,2001,Americas,0.20909321291794597,2391278,3838
Jamaica,2002,Americas,0.0827911547586079,2415717,4013
Jamaica,2003,Americas,0.08195290494364509,2440426,3852
Jamaica,2004,Americas,0.040577696550246546,2464408,4119
Jamaica,2005,Americas,2.0505241099418656,2487169,4505
Jamaica,2006,Americas,0,2512597,4738
Jamaica,2009,Americas,1.4013872955677622,2568883,4686
Jamaica,2010,Americas,0.11598003906207717,2586652,5100
Jamaica,2011,Americas,1.9223102170403572,2601037,5552
Japan,2000,Asia,25.04244999651782,119752660,40813
Japan,2001,Asia,24.263321839654857,120066000,35843
Japan,2002,Asia,24.723560392381998,120189000,34239
Japan,2003,Asia,26.480335562108063,120395000,36926
Japan,2004,Asia,24.924481327800827,120500000,39960
Japan,2005,Asia,25.16959015239723,120657507,39412
Japan,2006,Asia,24.663220162051996,120702000,37534
Japan,2007,Asia,25.405123276776244,120704000,37408
Japan,2008,Asia,24.935739042470274,120602000,41773
Japan,2009,Asia,25.331131323861374,120496000,43415
Japan,2010,Asia,24.281072898309514,121127267,47059
Japan,2011,Asia,23.78790509977094,120927000,50919
Japan,2012,Asia,21.814718184453554,120735000,51379
Japan,2013,Asia,21.566788920789286,120514000,42781
Japan,2014,Asia,20.251259623858854,120274000,40328
Japan,2015,Asia,19.1831764904573,120376310,36510
Kazakhstan,2000,Asia,32.15120768155376,13772422,1328
Kazakhstan,2001,Asia,31.78027018094351,13772696,1608
Kazakhstan,2002,Asia,30.77486761726168,13777476,1788
Kazakhstan,2003,Asia,31.284700695337044,13811863,2232
Kazakhstan,2004,Asia,31.67228512149356,13873328,3110
Kazakhstan,2005,Asia,27.98296788662274,13947770,4096
Kazakhstan,2006,Asia,29.036145299264636,14037676,5770
Kazakhstan,2007,Asia,29.315556444091673,14125606,7423
Kazakhstan,2008,Asia,28.11610226833004,14216053,9387
Kazakhstan,2009,Asia,26.707240146312255,14370635,8024
Kazakhstan,2010,Asia,24.529049388211252,14713167,10062
Kazakhstan,2011,Asia,22.897191542648628,14853350,12969
Kazakhstan,2012,Asia,21.566142593870463,15023549,13845
Kazakhstan,2013,Asia,23.081904877577177,15215382,15552
Kazakhstan,2014,Asia,20.215383602297102,15428844,14351
Kazakhstan,2015,Asia,18.35524714650044,15646752,11784
Kiribati,2000,Oceania,0,72440,928
Kiribati,2001,Oceania,0,73851,854
Kuwait,2000,Asia,1.723130441481223,1973153,19112
Kuwait,2001,Asia,1.4716486880251947,2038530,17116
Kuwait,2002,Asia,2.0846816204739826,2158603,17668
Kuwait,2003,Asia,2.255690748899582,1950622,24544
Kuwait,2004,Asia,2.2544118840570997,1996086,29778
Kuwait,2005,Asia,2.5206401650437624,2062968,39166
Kuwait,2006,Asia,2.077837645154275,2165713,46890
Kuwait,2007,Asia,1.658580814187565,3074918,37283
Kuwait,2008,Asia,1.394909589083378,3369394,43746
Kuwait,2009,Asia,1.9269320020444431,3165654,33453
Kuwait,2010,Asia,1.188439591006133,3281614,35171
Kuwait,2011,Asia,1.2298654527194726,3333698,46203
Kuwait,2012,Asia,1.6015109111510346,3496698,49781
Kuwait,2013,Asia,1.1471451474361307,3574090,48729
Kuwait,2014,Asia,1.8302773085449189,3715284,43774
Kyrgyzstan,2000,Asia,11.67261206966398,4369202,313
Kyrgyzstan,2001,Asia,12.653125412356319,4425784,345
Kyrgyzstan,2002,Asia,12.67559442837205,4473163,359
Kyrgyzstan,2003,Asia,10.595369049533462,4520843,424
Kyrgyzstan,2004,Asia,9.579470014727889,4572278,484
Kyrgyzstan,2005,Asia,10.185212674825383,4614533,533
Kyrgyzstan,2006,Asia,9.964543013790022,4646475,610
Kyrgyzstan,2007,Asia,10.324205764419617,4668640,814
Kyrgyzstan,2008,Asia,10.083301285631574,4690924,1096
Kyrgyzstan,2009,Asia,9.541400302574885,4800134,977
Kyrgyzstan,2010,Asia,10.335797663117491,4837556,991
Kyrgyzstan,2011,Asia,9.670389595564187,4870538,1273
Kyrgyzstan,2012,Asia,10.62371765240169,4932360,1339
Kyrgyzstan,2013,Asia,8.89828817684849,5012200,1463
Kyrgyzstan,2014,Asia,9.04554756957321,5096430,1465
Kyrgyzstan,2015,Asia,8.0256713705056,5195827,1285
Latvia,2000,Europe,33.88924905385178,2272107,3494
Latvia,2001,Europe,31.575750358906568,2242227,3724
Latvia,2002,Europe,30.25535519787002,2214484,4311
Latvia,2003,Europe,27.5772516894491,2190211,5364
Latvia,2004,Europe,26.022925133939488,2163477,6644
Latvia,2005,Europe,26.38187957794606,2137831,7916
Latvia,2006,Europe,23.023664261079844,2115215,10139
Latvia,2007,Europe,21.63449828500037,2093878,14758
Latvia,2008,Europe,25.489364357162586,2067529,17217
Latvia,2009,Europe,25.414763022110847,2030316,12890
Latvia,2010,Europe,22.033234971874926,1987906,11951
Latvia,2011,Europe,22.52239570723138,1953611,14447
Latvia,2012,Europe,22.98706563376738,1931521,14558
Latvia,2013,Europe,20.026520760652225,1912464,15820
Latvia,2014,Europe,20.16851799934637,1894041,16544
Latvia,2015,Europe,20.634255423290156,1875522,14382
Lithuania,2000,Europe,49.19874816183402,3315125,3481
Lithuania,2001,Europe,46.537212466508684,3294138,3719
Lithuania,2002,Europe,47.36618365985766,3274488,4360
Lithuania,2003,Europe,44.71245283297179,3254127,5778
Lithuania,2004,Europe,42.81766284441457,3222969,7028
Lithuania,2005,Europe,41.54686637721405,3174728,8229
Lithuania,2006,Europe,33.55976309174676,3125767,9667
Lithuania,2007,Europe,33.19443486393682,3087867,12869
Lithuania,2008,Europe,36.381426675870635,3053756,15669
Lithuania,2009,Europe,37.725878726217864,3016497,12412
Lithuania,2010,Europe,34.511551368816946,2949737,12584
Lithuania,2011,Europe,35.34961568578428,2879805,15097
Lithuania,2012,Europe,32.6664951705036,2837770,15099
Lithuania,2013,Europe,38.65850360592982,2806627,16538
Lithuania,2014,Europe,33.43427127848699,2781577,17442
Lithuania,2015,Europe,32.5353695052082,2753926,15073
Lithuania,2016,Europe,33.61556228775576,2445296,15742
Luxembourg,2000,Europe,15.115904857569166,410164,51841
Luxembourg,2001,Europe,17.635832145531854,413930,51391
Luxembourg,2002,Europe,20.32977283272663,418106,56484
Luxembourg,2003,Europe,11.330000424875015,423654,69768
Luxembourg,2004,Europe,14.414313878659376,430128,80639
Luxembourg,2005,Europe,11.204148736217753,437338,85397
Luxembourg,2006,Europe,14.61261945816407,444821,95351
Luxembourg,2007,Europe,17.256179039494526,452012,112581
Luxembourg,2008,Europe,9.340292937652459,460371,121315
Luxembourg,2009,Europe,10.229982800841416,469209,109483
Luxembourg,2010,Europe,11.297567466353124,477979,111328
Luxembourg,2011,Europe,11.249330153522678,488918,122729
Luxembourg,2012,Europe,10.178746776730186,501044,113120
Luxembourg,2013,Europe,7.8020008231110864,512689,120423
Luxembourg,2014,Europe,12.763363432011278,524940,126352
Luxembourg,2015,Europe,11.901485454153246,537748,107456
Maldives,2000,Asia,0,247387,2524
Maldives,2001,Asia,1.1741545109059384,255503,3406
Maldives,2002,Asia,1.1374536961557857,263747,3401
Maldives,2003,Asia,1.4699937525265518,272110,3867
Maldives,2004,Asia,0.35647319678033407,280526,4373
Maldives,2005,Asia,0.3460974056538472,288936,4026
Maldives,2007,Asia,1.6364683703393381,305536,6115
Maldives,2008,Asia,0,313924,7236
Maldives,2010,Asia,0.30160544578792914,331559,7806
Maldives,2011,Asia,0.5864793060776851,341018,8135
Malta,2000,Europe,6.341748557941524,362676,11873
Malta,2001,Europe,8.096270048388707,370541,11691
Malta,2002,Europe,5.074027389065738,374456,12524
Malta,2003,Europe,5.29401643792104,377785,14444
Malta,2004,Europe,6.300568626318524,380918,15916
Malta,2005,Europe,4.946486822819445,384111,16648
Malta,2006,Europe,6.735088255560333,386038,17504
Malta,2007,Europe,6.708275173447615,387581,20333
Malta,2008,Europe,3.587949614936122,390195,23007
Malta,2009,Europe,9.157928476578599,393102,21695
Malta,2010,Europe,7.849114695821486,394949,22132
Malta,2011,Europe,5.045115949377307,396423,23984
Malta,2012,Europe,6.263497837840547,399138,23074
Malta,2013,Europe,5.462744085337995,402728,25191
Malta,2014,Europe,7.871594612877438,406525,27634
Malta,2015,Europe,8.279818915489837,410637,25750
Mauritius,2000,Africa,12.972588069195973,1056073,4339
Mauritius,2001,Africa,10.571150861548794,1068947,4244
Mauritius,2002,Africa,12.132381882927145,1079755,4415
Mauritius,2003,Africa,8.05688158398292,1092234,5136
Mauritius,2004,Africa,8.79347216140826,1103091,5789
Mauritius,2005,Africa,9.156670634557276,1113942,5641
Mauritius,2006,Africa,10.486083279051561,1125301,6246
Mauritius,2007,Africa,11.187130747608641,1135233,7179
Mauritius,2008,Africa,7.328193129295499,1146258,8716
Mauritius,2009,Africa,9.917631910972437,1159551,7873
Mauritius,2010,Africa,8.412515419368185,1164931,8587
Mauritius,2011,Africa,10.056658189528804,1173352,9817
Mauritius,2012,Africa,9.741247065978737,1180547,9884
Mauritius,2013,Africa,8.541123767855742,1147390,10572
Mauritius,2014,Africa,10.421877605469401,1151424,11120
Mauritius,2015,Africa,9.005514145584527,1154848,10125
Mauritius,2016,Africa,9.874731971560772,992432,10570
Mexico,2000,Americas,3.853066476222315,89694793,7892
Mexico,2001,Americas,4.129476030774876,91052714,8311
Mexico,2002,Americas,4.140947371697626,92394316,8357
Mexico,2003,Americas,4.340923133460914,93758859,7779
Mexico,2004,Americas,4.260814453422176,95193068,8217
Mexico,2005,Americas,4.418484075799932,96730008,9071
Mexico,2006,Americas,4.295775235046693,98468839,9906
Mexico,2007,Americas,4.272426377344267,100294297,10496
Mexico,2008,Americas,4.5433819422022115,102170587,10864
Mexico,2009,Americas,4.827749307117537,104044342,8651
Mexico,2010,Americas,4.588392438197031,105875861,9991
Mexico,2011,Americas,5.1627837417827855,107655100,10965
Mexico,2012,Americas,4.920051899644291,109368765,10982
Mexico,2013,Americas,5.143344127241236,111036708,11478
Mexico,2014,Americas,5.482170615496286,112692589,11663
Mexico,2015,Americas,5.451307581032192,114357884,10228
Mongolia,2016,Asia,19.514769635756593,2167589,4145
Montenegro,2000,Europe,0,578668,1701
Montenegro,2001,Europe,0,578668,2004
Montenegro,2002,Europe,0,578668,2220
Montenegro,2003,Europe,0,579688,2946
Montenegro,2004,Europe,0,581623,3565
Montenegro,2005,Europe,20.232086030944803,583232,3870
Montenegro,2006,Europe,0,584885,4654
Montenegro,2007,Europe,20.604723079333294,587244,6268
Montenegro,2008,Europe,21.35763357419998,589953,7705
Montenegro,2009,Europe,18.067182904054818,592234,7023
Netherlands,2000,Europe,10.051405472424428,14933235,27644
Netherlands,2001,Europe,9.80161569726759,15038337,28366
Netherlands,2002,Europe,10.376516871621602,15130318,30757
Netherlands,2003,Europe,9.879371037933167,15203397,37614
Netherlands,2004,Europe,9.917553946023745,15265861,42614
Netherlands,2005,Europe,10.273752422800811,15320595,44289
Netherlands,2006,Europe,9.922767037439803,15368697,47281
Netherlands,2007,Europe,8.777727960966208,15425404,54418
Netherlands,2008,Europe,9.279702285998876,15506963,60375
Netherlands,2009,Europe,9.806324451153479,15602176,54988
Netherlands,2010,Europe,10.222154046204519,15691409,53302
Netherlands,2011,Europe,10.461470025479068,15772162,56667
Netherlands,2012,Europe,11.086206429583049,15839503,52334
Netherlands,2013,Europe,11.673317186921759,15899508,54510
Netherlands,2014,Europe,11.566395639412239,15899508,55325
Netherlands,2015,Europe,11.664446083293237,16057342,47206
Netherlands,2016,Europe,13.244796852485688,14239554,48108
New Zealand,2000,Oceania,12.815884981629631,3573690,14725
New Zealand,2001,Oceania,14.11467898829982,3599090,14968
New Zealand,2002,Oceania,12.76238730429412,3659190,18208
New Zealand,2003,Oceania,13.916373055327638,3729420,23663
New Zealand,2004,Oceania,13.01771724466208,3802510,27325
New Zealand,2005,Oceania,13.35314656247402,3849280,29803
New Zealand,2006,Oceania,13.517673010824398,3898600,28628
New Zealand,2007,Oceania,12.552567050781995,3935450,34892
New Zealand,2008,Oceania,13.103352694376897,3968450,33585
New Zealand,2009,Oceania,12.768143482012379,4009980,30259
New Zealand,2010,Oceania,13.21671717458149,4055470,36145
New Zealand,2011,Oceania,12.052434200554462,4090460,41184
New Zealand,2012,Oceania,13.322429486977265,4120870,42756
New Zealand,2013,Oceania,12.421999288095948,4129770,46198
Nicaragua,2010,Americas,6.872344920446245,5107427,1715
Nicaragua,2011,Americas,7.126412318766548,5177921,1888
Nicaragua,2012,Americas,6.017393695409052,5251443,2006
Nicaragua,2013,Americas,6.589154926801247,5326935,2062
Nicaragua,2014,Americas,5.756675151746697,5402424,2199
Nicaragua,2015,Americas,5.751866663331192,5476483,2303
Norway,2000,Europe,12.978865560784154,4168315,41099
Norway,2001,Europe,13.024592756096352,4215103,41281
Norway,2002,Europe,11.640815337787478,4243689,46049
Norway,2003,Europe,11.747845370272428,4273124,53533
Norway,2004,Europe,12.296720564579866,4301960,61450
Norway,2005,Europe,12.29501011743234,4335092,71215
Norway,2006,Europe,12.168057339911709,4372103,79007
Norway,2007,Europe,10.979386145916267,4417369,90797
Norway,2008,Europe,11.29226184899272,4472089,103431
Norway,2009,Europe,12.655890532952139,4527536,85394
Norway,2010,Europe,11.957533300530125,4582885,93638
Norway,2011,Europe,12.878771563327806,4643300,107430
Norway,2012,Europe,10.9421162052741,4706585,108408
Norway,2013,Europe,11.620090171060733,4767605,109804
Norway,2014,Europe,11.35238849696448,4827178,103443
Norway,2015,Europe,12.082961202021172,4882909,79187
Oman,2009,Asia,0.49855247207243275,2607549,18557
Oman,2010,Asia,0.472995590225728,2748440,21337
Oman,2014,Asia,0.1927791538537379,3631098,22328
Panama,2000,Americas,5.318931303956466,2688510,4577
Panama,2001,Americas,5.905981154816182,2742982,4558
Panama,2002,Americas,5.7141918382769425,2800046,4641
Panama,2003,Americas,6.820652516086246,2858964,4790
Panama,2004,Americas,6.3732395210750346,2918453,5144
Panama,2005,Americas,5.776473966405773,2977595,5499
Panama,2006,Americas,6.089614770969588,3037959,5972
Panama,2007,Americas,5.521226370926966,3097138,6876
Panama,2008,Americas,5.894215936185289,3155636,7972
Panama,2009,Americas,5.506277311679872,3214513,8436
Panama,2010,Americas,4.611510758410281,3274415,8991
Panama,2011,Americas,4.3188887499246444,3334191,10403
Panama,2012,Americas,3.9761501677051783,3395244,11908
Panama,2013,Americas,3.7600650433405343,3457387,13189
Panama,2014,Americas,4.175883675220789,3520213,14181
Panama,2015,Americas,3.069725750701432,3583382,15158
Paraguay,2000,Americas,3.349167210000178,4598158,1782
Paraguay,2001,Americas,3.233138650173122,4701314,1630
Paraguay,2002,Americas,3.6798941188431162,4809921,1315
Paraguay,2003,Americas,3.5362338987039705,4920489,1339
Paraguay,2004,Americas,4.654585034793023,5027301,1598
Paraguay,2005,Americas,4.6620892362893125,5126457,1704
Paraguay,2006,Americas,4.805244033648195,5223460,2038
Paraguay,2007,Americas,4.277233304611178,5307169,2599
Paraguay,2008,Americas,4.1247311260571715,5382169,3438
Paraguay,2009,Americas,5.186741003845152,5456220,2920
Paraguay,2010,Americas,4.029123152588314,5534703,3619
Paraguay,2011,Americas,5.311470512694147,5610499,4474
Paraguay,2012,Americas,4.828557246409002,5695283,4319
Paraguay,2013,Americas,5.582240663011192,5786207,5006
Paraguay,2014,Americas,6.448216736304005,5877594,5254
Philippines,2000,Asia,2.086447575692169,67243482,1205
Philippines,2001,Asia,1.751576112994233,68738092,1109
Philippines,2002,Asia,1.8517874581267941,70256443,1158
Philippines,2003,Asia,2.150972376736292,71781489,1169
Philippines,2006,Asia,2.3392193875758798,76435755,1599
Philippines,2007,Asia,2.176681576892738,78008654,1915
Philippines,2008,Asia,2.2865502800848203,79595888,2188
Philippines,2009,Asia,2.5543805008396263,81193855,2073
Philippines,2010,Asia,2.55676007363469,82760992,2412
Philippines,2011,Asia,2.9084900320441016,84201767,2662
Poland,2000,Europe,16.12051043370438,36233344,4744
Poland,2001,Europe,16.131525243288472,36295390,5249
Poland,2002,Europe,16.300984458407566,36347498,5466
Poland,2003,Europe,16.05335346879382,36353775,5983
Poland,2004,Europe,16.694345774653385,36371596,7014
Poland,2005,Europe,16.620217580505983,36371365,8417
Poland,2006,Europe,15.970515429746348,36348232,9485
Poland,2007,Europe,14.552127032688281,36310843,11816
Poland,2008,Europe,15.6689884548345,36262711,14721
Poland,2009,Europe,17.88070595909241,36223402,12141
Poland,2010,Europe,17.64471210571861,36027791,13304
Poland,2011,Europe,16.976671198870413,36008237,14686
Poland,2012,Europe,17.68228455560737,36013446,13894
Poland,2013,Europe,17.260861698414384,36023694,14552
Poland,2014,Europe,16.4560756724348,36059630,15119
Poland,2015,Europe,15.01943589825302,36086575,13228
Portugal,2000,Europe,5.379829847480797,9740085,12152
Portugal,2001,Europe,7.757757349583099,9809536,12391
Portugal,2002,Europe,12.272014371035937,9859832,13614
Portugal,2003,Europe,11.682657388184285,9895009,16671
Portugal,2007,Europe,10.194176067212801,10005713,24003
Portugal,2008,Europe,10.348292830766532,10030640,26121
Portugal,2009,Europe,10.199088191565345,10049918,24254
Portugal,2010,Europe,10.917260476894548,10066628,23673
Portugal,2011,Europe,10.106515920246968,10062815,24337
Portugal,2012,Europe,10.7284626113078,10029396,21573
Portugal,2013,Europe,10.535725624066481,9985074,22641
Portugal,2014,Europe,12.288282298246667,9944433,23091
Puerto Rico,2000,Americas,8.68464131150043,3511947,17569
Puerto Rico,2001,Americas,8.205071131436721,3522212,19649
Puerto Rico,2002,Americas,6.782160137867978,3523951,20325
Puerto Rico,2003,Americas,7.445241950471522,3519026,21264
Puerto Rico,2004,Americas,7.9454084936701586,3511462,22874
Puerto Rico,2005,Americas,8.246307209469613,3504599,23944
Puerto Rico,2006,Americas,7.5735145337172876,3499036,24943
Puerto Rico,2007,Americas,7.756972616741723,3493631,25625
Puerto Rico,2008,Americas,8.598918084126655,3488811,26840
Puerto Rico,2009,Americas,9.470582934468732,3484474,27661
Puerto Rico,2010,Americas,8.217495853181507,3480379,28267
Puerto Rico,2011,Americas,7.4238237987073346,3475298,28876
Puerto Rico,2012,Americas,7.141474921904517,3472672,29247
Puerto Rico,2013,Americas,6.941914038364876,3471665,29510
Puerto Rico,2014,Americas,6.338311404696573,3470956,29515
Puerto Rico,2015,Americas,6.513867476230869,3469521,29728
Qatar,2001,Asia,4.263341013525912,539483,32510
Qatar,2004,Asia,3.0120870751343607,697191,45517
Qatar,2005,Asia,2.134021576213442,796618,55899
Qatar,2006,Asia,3.0848110287312918,940090,64762
Qatar,2007,Asia,3.67555104130154,1115479,71460
Qatar,2008,Asia,2.5181901080914026,1310465,87961
Qatar,2009,Asia,2.920388225791143,1506649,64911
Qatar,2010,Asia,2.7817366559500756,1689592,74055
Qatar,2011,Asia,2.696753809569269,1854081,90490
Qatar,2012,Asia,2.146620146579211,2003149,93270
Qatar,2013,Asia,1.7327378334876407,2135349,93066
Qatar,2014,Asia,2.4426184514509597,2251682,91587
Qatar,2015,Asia,2.8035632439265687,2354147,69937
Qatar,2016,Asia,3.0725839210779706,2213121,62484
Republic of Korea,2000,Asia,14.555559739312725,44271743,12686
Republic of Korea,2001,Asia,15.457093035440042,44710865,11922
Republic of Korea,2002,Asia,19.088876465441473,45110041,13501
Republic of Korea,2003,Asia,23.974891877593503,45455888,14971
Republic of Korea,2004,Asia,25.102681369166472,45779970,16708
Republic of Korea,2005,Asia,26.02493974027149,46151884,19460
Republic of Korea,2006,Asia,22.902799683983073,46513964,21753
Republic of Korea,2007,Asia,26.004926239592184,46814207,23982
Republic of Korea,2008,Asia,27.29835052614927,47101747,21278
Republic of Korea,2009,Asia,32.50737541947273,47380017,19036
Republic of Korea,2010,Asia,32.68582499721893,47598615,22994
Republic of Korea,2011,Asia,33.277531157830246,47798017,25157
Republic of Korea,2012,Asia,29.48502618178282,48020985,25464
Republic of Korea,2013,Asia,29.899546147025017,48248224,27060
Republic of Korea,2014,Asia,28.543770254052966,48465917,29120
Republic of Korea,2015,Asia,27.757373517189187,48671752,28410
Romania,2000,Europe,13.320557622214707,21290400,1758
Romania,2001,Europe,12.786228780324926,21272887,1914
Romania,2002,Europe,14.816009986193622,20700580,2231
Romania,2003,Europe,14.009886603668004,20656841,2898
Romania,2004,Europe,13.196985827844252,20610767,3698
Romania,2005,Europe,12.654375604036177,20569960,4847
Romania,2006,Europe,13.255995487992362,20526561,6018
Romania,2007,Europe,11.868116797507364,20475026,8593
Romania,2008,Europe,12.09760121500633,20433803,10454
Romania,2009,Europe,12.682139007032655,20390882,8465
Romania,2010,Europe,13.593040009683197,20348649,8190
Romania,2011,Europe,12.497720127060811,20291701,9086
Romania,2012,Europe,13.10289464211872,19041594,9015
Romania,2013,Europe,12.666191136349942,19003345,10080
Romania,2014,Europe,11.655617398159109,18952235,10526
Romania,2015,Europe,11.810902364072973,18863927,9431
Romania,2016,Europe,11.733320196180152,16644905,10020
Russian Federation,2000,Europe,40.967197480537976,138205695,1879
Russian Federation,2001,Europe,41.41752109482743,137521509,2229
Russian Federation,2002,Europe,40.283796358322554,136590900,2527
Russian Federation,2003,Europe,37.54564994910081,137019868,3141
Russian Federation,2004,Europe,35.81775111724558,137071699,4312
Russian Federation,2005,Europe,33.6378253490354,136162191,5611
Russian Federation,2006,Europe,31.482564293352365,135357462,7313
Russian Federation,2007,Europe,30.530728816108127,134778964,9643
Russian Federation,2008,Europe,28.43377621271998,134385949,12359
Russian Federation,2009,Europe,27.898630867679714,134085433,9118
Russian Federation,2010,Europe,24.732700024654843,134865987,11307
Russian Federation,2011,Europe,23.034471541592435,134745874,15226
Russian Federation,2012,Europe,22.011825450939458,134668522,16413
Russian Federation,2013,Europe,21.296975884355625,134713962,17052
Russian Federation,2014,Europe,19.701744055304378,134713962,15319
Russian Federation,2015,Europe,18.560937227489777,137018943,9987
Saint Lucia,2000,Americas,9.922041105598867,141100,5557
Saint Lucia,2001,Americas,4.889429054384421,143166,5195
Saint Lucia,2002,Americas,8.266284580623829,145168,5155
Saint Lucia,2003,Americas,6.796848980812495,147127,5599
Saint Lucia,2004,Americas,5.364770890753147,149121,5989
Saint Lucia,2005,Americas,2.646045154760566,151169,6292
Saint Lucia,2006,Americas,1.3032712107389548,153460,7391
Saint Lucia,2008,Americas,0,157876,8122
Saint Lucia,2009,Americas,8.134150919784757,159820,7902
Saint Lucia,2010,Americas,2.476734178312477,161503,8557
Saint Lucia,2011,Americas,4.911229526311913,162892,8826
Saint Lucia,2012,Americas,6.09979260705136,163940,8764
Saint Lucia,2013,Americas,8.495661144486922,164790,9041
Saint Lucia,2014,Americas,8.45431049059156,165596,9372
Saint Vincent and Grenadines,2000,Americas,5.156978423202277,96956,4087
Saint Vincent and Grenadines,2001,Americas,8.218530732168356,97341,4418
Saint Vincent and Grenadines,2002,Americas,7.157537398132905,97799,4723
Saint Vincent and Grenadines,2003,Americas,4.069507182680177,98292,4902
Saint Vincent and Grenadines,2004,Americas,4.051043143609479,98740,5286
Saint Vincent and Grenadines,2005,Americas,8.07118787707581,99118,5556
Saint Vincent and Grenadines,2006,Americas,6.032393955541257,99463,6142
Saint Vincent and Grenadines,2007,Americas,11.034316725014795,99689,6539
Saint Vincent and Grenadines,2008,Americas,4.006972131508825,99826,6966
Saint Vincent and Grenadines,2009,Americas,1.0007305332893013,99927,6754
Saint Vincent and Grenadines,2010,Americas,4.997501249375312,100050,6809
Saint Vincent and Grenadines,2011,Americas,4.998150684246829,100037,6759
Saint Vincent and Grenadines,2012,Americas,9.98332784250302,100167,6918
Saint Vincent and Grenadines,2013,Americas,0,100398,7183
Saint Vincent and Grenadines,2014,Americas,1.9865707815169455,100676,7203
Saint Vincent and Grenadines,2015,Americas,2.9718270792883463,100948,7496
San Marino,2000,Europe,3.941818755173637,25369,43435
San Marino,2005,Europe,3.5380696292103027,28264,69301
Serbia,2000,Europe,21.583015579496276,7149140,915
Serbia,2001,Europe,20.18926384791688,7142410,1718
Serbia,2002,Europe,20.2574545961937,7138113,2258
Serbia,2003,Europe,19.37577114655212,7111975,2979
Serbia,2004,Europe,18.980114484663787,7086364,3508
Serbia,2005,Europe,20.357042984385,7058982,3719
Serbia,2006,Europe,20.52102936213729,7031811,4353
Serbia,2007,Europe,19.302072440549477,7009610,5748
Serbia,2008,Europe,18.444503080189087,6988532,7049
Serbia,2009,Europe,19.703684144059334,6968240,6116
Serbia,2010,Europe,17.37973246731293,6944871,5682
Serbia,2011,Europe,18.202827322269897,6900027,6734
Serbia,2012,Europe,18.100604411654636,6867174,5933
Serbia,2013,Europe,17.518337909273452,6832840,6662
Serbia,2014,Europe,16.672032885364338,6801810,6500
Serbia,2015,Europe,15.695185893367913,6766406,5492
Seychelles,2001,Africa,7.961466502129693,75363,8257
Seychelles,2002,Africa,6.501612399875168,76904,9070
Seychelles,2003,Africa,10.203821331088491,78402,9001
Seychelles,2004,Africa,7.524926318429799,79735,10526
Seychelles,2005,Africa,6.180469715698393,80900,11361
Seychelles,2006,Africa,9.793000452926272,81691,12442
Seychelles,2007,Africa,7.287655925471572,82331,12554
Seychelles,2008,Africa,4.8250904704463204,82900,11667
Seychelles,2009,Africa,4.7944959186853495,83429,10157
Seychelles,2010,Africa,7.15264946057102,83885,11563
Seychelles,2011,Africa,6.194481955474064,80717,13204
Seychelles,2012,Africa,3.693489608982567,81224,13044
Seychelles,2013,Africa,10.903672114464328,82541,16090
Seychelles,2014,Africa,4.770707853777805,83845,16018
Seychelles,2015,Africa,8.144364681380818,85949,16005
Singapore,2000,Asia,10.139125869536684,3047600,31446
Singapore,2001,Asia,9.829197550757332,3103000,28774
Singapore,2002,Asia,10.141539239226589,3165200,29048
Singapore,2003,Asia,9.91878990763127,3226200,30067
Singapore,2004,Asia,10.209057109770221,3281400,34799
Singapore,2005,Asia,10.740785064624221,3342400,38122
Singapore,2006,Asia,10.903015914886135,3411900,43318
Singapore,2007,Asia,9.676658012744868,3389600,53098
Singapore,2008,Asia,9.249325872017165,3448900,55735
Singapore,2009,Asia,9.869630383756116,3536100,54413
Singapore,2010,Asia,8.275553567434578,3576800,66099
Singapore,2011,Asia,8.553417201255241,3600900,76638
Singapore,2012,Asia,10.79414032382421,3631600,80040
Singapore,2013,Asia,9.750219584777202,3661456,83151
Singapore,2014,Asia,9.622239027259397,3689370,84442
Singapore,2015,Asia,8.846190558775406,3719115,81766
Slovakia,2000,Europe,14.26108505925393,5111813,5696
Slovakia,2001,Europe,13.567946393279083,5100256,6020
Slovakia,2002,Europe,14.037948274565823,5107584,6869
Slovakia,2003,Europe,14.724338098960848,5113982,9138
Slovakia,2004,Europe,13.200005467457887,5121210,11177
Slovakia,2005,Europe,13.24375173836432,5126946,12229
Slovakia,2006,Europe,0,5129369,13763
Slovakia,2007,Europe,0,5132660,16815
Slovakia,2008,Europe,11.504619270101013,5137067,19530
Slovakia,2009,Europe,11.688641052530036,5141744,17299
Slovakia,2010,Europe,12.25823020684355,5147562,17387
Slovakia,2012,Europe,11.159052258369387,5116922,18256
Slovakia,2013,Europe,12.02606141217588,5122209,19226
Slovakia,2014,Europe,10.799881318271723,5129686,19679
Slovenia,2000,Europe,31.169112046066672,1886483,10783
Slovenia,2001,Europe,30.55755707846613,1901330,10979
Slovenia,2002,Europe,28.329741401923485,1906124,12362
Slovenia,2003,Europe,29.461272842315612,1907589,15568
Slovenia,2004,Europe,26.836322543244744,1907862,18067
Slovenia,2005,Europe,26.310049549721548,1911817,19012
Slovenia,2006,Europe,27.572619190334468,1918570,20634
Slovenia,2007,Europe,22.51817538441742,1927332,24964
Slovenia,2008,Europe,20.990267306938414,1943758,28599
Slovenia,2009,Europe,23.017069190751773,1942037,25872
Slovenia,2010,Europe,21.287820589950297,1944774,24689
Slovenia,2011,Europe,22.370087644460625,1944561,26377
Slovenia,2012,Europe,22.610622470436613,1945988,23820
Slovenia,2013,Europe,22.89203377755513,1948276,24697
Slovenia,2014,Europe,19.879228562967455,1951786,25569
Slovenia,2015,Europe,21.589741700739577,1954632,22036
South Africa,2000,Africa,0.6581451414135759,40568559,3361
South Africa,2001,Africa,0.932364732633851,41185599,2953
South Africa,2002,Africa,0.5645410611286017,41803868,2769
South Africa,2003,Africa,0.6035556643003591,42415309,4132
South Africa,2004,Africa,0.8905760175923876,43005874,5323
South Africa,2005,Africa,1.051275937967099,43566107,5914
South Africa,2006,Africa,1.1660866519898554,44079057,6166
South Africa,2007,Africa,0.9354508620785382,44577435,6708
South Africa,2008,Africa,1.0096018400485745,43680586,6573
South Africa,2009,Africa,0.8156634036037588,45607048,6517
South Africa,2010,Africa,0.8510877898138002,46176200,8128
South Africa,2011,Africa,0.7648471302390879,46806739,8906
South Africa,2012,Africa,1.0256030967401069,47484256,8347
South Africa,2013,Africa,1.2180268218636188,48192699,7612
South Africa,2014,Africa,1.185799947493596,48912129,7174
South Africa,2015,Africa,0.9712364888309818,49627460,6403
Spain,2000,Europe,8.856994661481698,38319996,15538
Spain,2001,Europe,8.237435702022735,38713504,16169
Spain,2002,Europe,8.571295448359965,39340611,17924
Spain,2003,Europe,8.70641498068117,39947556,22701
Spain,2004,Europe,8.64980597237541,40555823,26372
Spain,2005,Europe,8.250905396682,41195479,28092
Spain,2006,Europe,7.766298655251156,41808848,30246
Spain,2007,Europe,7.671457245716048,42547327,34769
Spain,2008,Europe,8.00241039916125,43199484,37848
Spain,2009,Europe,7.884555574344001,43490086,34470
Spain,2010,Europe,7.243890840116089,43595356,32839
Spain,2011,Europe,7.2864634853890715,43642571,34097
Spain,2012,Europe,7.985313881839782,44318859,30146
Spain,2013,Europe,8.756970332456243,44227625,30792
Spain,2014,Europe,8.85387063446846,44172771,31171
Spain,2015,Europe,8.156332174367718,44186528,27108
Sri Lanka,2000,Asia,30.641162235852704,17140342,953
Sri Lanka,2001,Asia,26.582558447893643,17266961,912
Sri Lanka,2002,Asia,25.18976394224979,17395955,951
Sri Lanka,2003,Asia,25.489888611412212,17524596,1077
Sri Lanka,2006,Asia,22.44075110730994,17891558,1580
Suriname,2000,Americas,12.410471574053522,419001,2129
Suriname,2001,Americas,16.960531429984805,424515,1798
Suriname,2002,Americas,16.03994644052667,430176,2507
Suriname,2003,Americas,17.66273804553775,435946,2916
Suriname,2004,Americas,15.168082731703784,441717,3360
Suriname,2005,Americas,16.091363184301983,447445,4009
Suriname,2006,Americas,24.708080645410362,453293,5794
Suriname,2007,Americas,25.92106925499797,459086,6397
Suriname,2008,Americas,31.627254517641337,464789,7601
Suriname,2009,Americas,27.84579804781825,470448,8238
Suriname,2010,Americas,28.56830766386865,476052,9176
Suriname,2011,Americas,26.374758317913443,481521,9184
Suriname,2012,Americas,27.312080564477046,486964,10227
Suriname,2013,Americas,26.606602093188098,492359,10451
Suriname,2014,Americas,25.71825252511046,497701,10530
Sweden,2000,Europe,13.449862338102186,8409008,30896
Sweden,2001,Europe,14.18361225203414,8439317,28429
Sweden,2002,Europe,13.938388542739116,8465828,31175
Sweden,2003,Europe,13.096930595336763,8490539,38997
Sweden,2004,Europe,13.565391175378311,8514314,44831
Sweden,2005,Europe,14.276304940936619,8538624,45563
Sweden,2006,Europe,13.957484359921661,8576044,48977
Sweden,2007,Europe,13.048780304082936,8629159,56531
Sweden,2008,Europe,13.466069647893354,8688504,59155
Sweden,2009,Europe,14.184685519126369,8755922,49070
Sweden,2010,Europe,12.931926046610469,8823125,55352
Sweden,2011,Europe,12.515977004818652,8884644,63380
Sweden,2012,Europe,12.89542669391319,8948909,60776
Sweden,2013,Europe,13.63019680341965,9024081,64133
Sweden,2014,Europe,12.595281991687113,9114524,62956
Sweden,2015,Europe,12.968312991440913,9114524,54629
Sweden,2016,Europe,13.906234078592618,8125852,55594
Switzerland,2000,Europe,20.26554025507266,6809589,39952
Switzerland,2001,Europe,19.48777731849932,6865842,40582
Switzerland,2002,Europe,20.829702060354276,6942010,43419
Switzerland,2003,Europe,18.20844668175093,6969293,50639
Switzerland,2004,Europe,18.2823530014811,7023166,56123
Switzerland,2005,Europe,18.368236045549267,7071991,57790
Switzerland,2006,Europe,18.38876490013243,7118477,60536
Switzerland,2007,Europe,18.932024981920613,7183595,66807
Switzerland,2008,Europe,18.062166016598223,7274875,76202
Switzerland,2009,Europe,15.004294894547643,7364558,73529
Switzerland,2010,Europe,13.523055801962242,7439147,78474
Switzerland,2011,Europe,13.753584710908694,7518040,93053
Switzerland,2012,Europe,13.665822712149721,7595591,87951
Switzerland,2013,Europe,13.942919691646669,7681318,89634
Switzerland,2014,Europe,13.214469690654642,7809621,90809
Switzerland,2015,Europe,13.59518185741353,7892502,86068
Thailand,2000,Asia,8.894284426755044,58262135,2169
Thailand,2002,Asia,8.41351676264489,58263389,2305
Thailand,2003,Asia,7.453587413783196,60158951,2531
Thailand,2004,Asia,7.07901920584379,60686373,2849
Thailand,2005,Asia,6.434829211836393,61182665,3094
Thailand,2006,Asia,5.853673225376543,61636512,3598
Thailand,2007,Asia,6.369013841679041,58941621,4461
Thailand,2008,Asia,6.379949140423441,59216773,4921
Thailand,2009,Asia,6.366448042134825,59483718,4736
Thailand,2010,Asia,6.292479254226268,59769764,5707
Thailand,2011,Asia,6.426953631280244,60261832,6153
Thailand,2012,Asia,6.59962103104629,60382255,6584
Thailand,2013,Asia,6.5183955755085865,60766487,6917
Thailand,2014,Asia,6.463862014602931,61139919,6662
Thailand,2015,Asia,6.864042466239195,61261276,6552
Thailand,2016,Asia,7.703678610387362,53442001,6713
Trinidad and Tobago,2000,Americas,14.087339809549349,1178363,6920
Trinidad and Tobago,2001,Americas,15.126496382316702,1183354,7458
Trinidad and Tobago,2002,Americas,13.122476446837146,1188800,7578
Trinidad and Tobago,2003,Americas,12.055677135571113,1194458,9465
Trinidad and Tobago,2004,Americas,13.998646797476244,1200116,11066
Trinidad and Tobago,2005,Americas,11.281897283302543,1205471,13258
Trinidad and Tobago,2006,Americas,11.659628165361642,1209301,15190
Trinidad and Tobago,2007,Americas,10.790880964226995,1213988,17827
Trinidad and Tobago,2008,Americas,16.32035796531883,1219336,22857
Trinidad and Tobago,2009,Americas,10.448152268759127,1225097,15652
Trinidad and Tobago,2010,Americas,12.99754183989953,1231002,18000
Trinidad and Tobago,2011,Americas,11.235174015871502,1237186,20557
Turkey,2009,Asia,1.5918154851173665,65962419,9773
Turkey,2010,Asia,2.2754714731353043,66975131,11525
Turkey,2011,Asia,1.6873827439862479,68034357,12237
Turkey,2012,Asia,2.102167089257826,68976439,12671
Turkey,2013,Asia,2.590141503580291,69880352,13603
Turkey,2014,Asia,2.279666754169027,70931420,13170
Turkey,2015,Asia,2.131316236355959,71880464,11961
Turkmenistan,2000,Asia,9.512035083763031,4026478,721
Turkmenistan,2001,Asia,10.864308208460928,4095981,863
Turkmenistan,2002,Asia,10.039356206976773,4143692,1077
Turkmenistan,2003,Asia,9.024017770373456,4177740,1431
Turkmenistan,2004,Asia,9.308952742816434,4211000,1624
Turkmenistan,2005,Asia,11.005213367101467,4252530,1906
Turkmenistan,2006,Asia,11.801336396394294,4287650,2397
Turkmenistan,2007,Asia,8.151691464465188,4342657,2916
Turkmenistan,2008,Asia,10.96974593932416,4412135,4368
Turkmenistan,2009,Asia,3.6793670239963854,4484467,4508
Turkmenistan,2010,Asia,3.9110693149146867,4551185,4962
Turkmenistan,2011,Asia,2.8101454898786122,4626095,6319
Turkmenistan,2012,Asia,2.9423943158059025,4690058,7498
Turkmenistan,2013,Asia,2.127186816496439,4748055,8255
Turkmenistan,2014,Asia,2.8267217489426297,4811227,9046
Turkmenistan,2015,Asia,2.7217767103501598,4886514,7326
Ukraine,2000,Europe,30.698943669443654,47125400,663
Ukraine,2001,Europe,28.05411420923686,46805969,812
Ukraine,2002,Europe,27.216663858374172,46060017,920
Ukraine,2003,Europe,26.944650200209495,45697383,1097
Ukraine,2004,Europe,24.835168045346514,45322826,1432
Ukraine,2005,Europe,23.634117777169056,44939270,1917
Ukraine,2006,Europe,22.47080870719264,44560034,2418
Ukraine,2007,Europe,22.697514531658324,44198672,3229
Ukraine,2008,Europe,21.556853076137166,43856123,4104
Ukraine,2009,Europe,22.303623880870042,43557944,2691
Ukraine,2010,Europe,20.992309156085845,43296809,3141
Ukraine,2011,Europe,20.83120960470824,43074791,3788
Ukraine,2012,Europe,21.106379250504503,42915935,4096
Ukraine,2014,Europe,19.691497402701874,40464165,3299
Ukraine,2015,Europe,18.772874638689085,40345446,2256
United Arab Emirates,2005,Asia,2.2427637577787105,4280433,42196
United Arab Emirates,2006,Asia,1.8278272069642654,4923879,45110
United Arab Emirates,2007,Asia,1.7733643830122932,5695389,45285
United Arab Emirates,2008,Asia,1.536013841327927,6510358,48457
United Arab Emirates,2009,Asia,1.7097599717613836,7252480,34960
United Arab Emirates,2010,Asia,1.4158640035837942,7839736,36964
United Kingdom,2000,Europe,7.642439438878201,56133909,29358
United Kingdom,2001,Europe,7.4282021881057965,55571993,29179
United Kingdom,2002,Europe,7.363759186723327,55908944,31630
United Kingdom,2003,Europe,7.083629248577546,56171771,36289
United Kingdom,2004,Europe,7.409439704121216,56455011,42486
United Kingdom,2005,Europe,7.123868207980479,56809024,44372
United Kingdom,2006,Europe,7.220035883333118,57091129,47163
United Kingdom,2007,Europe,6.79123869910956,57382757,53576
United Kingdom,2008,Europe,7.383410248624162,57683372,50111
United Kingdom,2009,Europe,7.318978654627964,58013559,41074
United Kingdom,2010,Europe,7.170799559047194,58403529,41798
United Kingdom,2011,Europe,7.460702832512809,58881852,44491
United Kingdom,2012,Europe,7.442810193434349,59708630,44585
United Kingdom,2013,Europe,8.027718527220514,60091793,45594
United Kingdom,2014,Europe,7.9048405129085815,60570482,49906
United Kingdom,2015,Europe,8.038250678888389,61082942,47240
United States,2000,Americas,11.189107904701489,262246108,39218
United States,2001,Americas,11.53120708880758,265427546,40018
United States,2002,Americas,11.774464922380677,268759559,40845
United States,2003,Americas,11.61335029457296,271041510,42468
United States,2004,Americas,11.853026448872752,273584136,44867
United States,2005,Americas,11.817533715591379,276106680,47423
United States,2006,Americas,11.933435660070831,278980848,49666
United States,2007,Americas,12.326719815604015,280658606,51585
United States,2008,Americas,12.76050642033565,282355565,52128
United States,2009,Americas,12.939983005208445,285162662,50563
United States,2010,Americas,13.32758248253437,287839149,51989
United States,2011,Americas,13.608721527471179,290313825,53452
United States,2012,Americas,13.863469644110294,292827128,55170
United States,2013,Americas,13.931532330876571,295322862,56520
United States,2014,Americas,14.364076596071529,297749735,58531
United States,2015,Americas,14.72581287235193,300078511,60387
Uruguay,2000,Americas,18.195713089995994,3050169,7483
Uruguay,2001,Americas,16.3017343215865,3061024,6827
Uruguay,2002,Americas,22.020992040797882,3065257,4439
Uruguay,2003,Americas,17.450743238570904,3065772,3929
Uruguay,2004,Americas,16.957504168448022,3066489,4463
Uruguay,2005,Americas,16.2205578959917,3070178,5655
Uruguay,2006,Americas,17.15708972865478,3077445,6362
Uruguay,2007,Americas,18.65310948306599,3087957,7581
Uruguay,2008,Americas,16.86666402218015,3100791,9793
Uruguay,2009,Americas,16.408150001958703,3114306,10166
Uruguay,2010,Americas,17.491092972673606,3127306,12882
Uruguay,2012,Americas,19.004174890440456,3151939,16264
Uruguay,2013,Americas,17.252983723421398,3164670,18179
Uruguay,2014,Americas,18.598679210547434,3177645,18012
Uruguay,2015,Americas,19.74429570060126,3190795,16696
Uzbekistan,2000,Asia,8.807169210136442,21789067,632
Uzbekistan,2001,Asia,8.609395117123533,22231527,513
Uzbekistan,2002,Asia,6.963512607846076,22632256,428
Uzbekistan,2003,Asia,6.161106942066407,22982883,441
Uzbekistan,2004,Asia,5.368904924933825,23300841,516
Uzbekistan,2005,Asia,5.17365274332619,23600347,606
Uzbekistan,2009,Asia,5.532245955034506,25288102,1332
Uzbekistan,2010,Asia,5.707205616077448,25651783,1533
Uzbekistan,2011,Asia,6.3130221980873165,25978049,1767
Uzbekistan,2012,Asia,6.95554478214741,26381830,1964
Uzbekistan,2013,Asia,7.265566980255989,26838924,2150
Uzbekistan,2014,Asia,7.670197752342824,27313507,2309
